{"cameraMode":{"drawMode":0,"name":"Shaded","section":"Shading Mode"},"sceneLighting":true,"audioPlay":false,"sceneViewState":{"showFog":true,"showMaterialUpdate":false,"showSkybox":true,"showFlares":true,"showImageEffects":true,"showParticleSystems":true},"in2DMode":false,"pivot":{"x":65.28446960449219,"y":-25.552038192749025,"z":13.953359603881836},"rotation":{"x":0.19007723033428193,"y":0.7981967329978943,"z":-0.3205753266811371,"w":0.47326967120170596},"size":74.9092788696289,"orthographic":false}